{"accuracy": [0.2631886601448059, 0.49415692687034607, 0.603338897228241, 0.6776294112205505, 0.7120200395584106, 0.7573455572128296, 0.7974958419799805, 0.8240400552749634, 0.8529215455055237, 0.8737896680831909, 0.8874791264533997, 0.904090166091919, 0.9135225415229797, 0.9292153716087341, 0.9363939762115479, 0.9449916481971741, 0.946661114692688, 0.9568447470664978, 0.965442419052124, 0.9646076560020447, 0.9648581147193909, 0.9728714227676392, 0.9673622846603394, 0.9749582409858704, 0.9777963161468506, 0.9772955179214478, 0.9707846641540527, 0.9843071699142456, 0.9816360473632812, 0.9830551147460938], "loss": [1.9920216798782349, 1.418778419494629, 1.1340093612670898, 0.9383998513221741, 0.8365957140922546, 0.7092854380607605, 0.6043606400489807, 0.5199114680290222, 0.4439668655395508, 0.3744257092475891, 0.3294685184955597, 0.2838439643383026, 0.2512630820274353, 0.20932058990001678, 0.18985579907894135, 0.16008782386779785, 0.15855185687541962, 0.12946093082427979, 0.1035381630063057, 0.10541417449712753, 0.10617092996835709, 0.08497354388237, 0.09907316416501999, 0.07733843475580215, 0.06673341244459152, 0.06901706755161285, 0.08731747418642044, 0.04778055101633072, 0.0622091107070446, 0.050684500485658646], "val_accuracy": [0.3569281995296478, 0.5739566087722778, 0.6377295255661011, 0.7191986441612244, 0.7472454309463501, 0.7612687945365906, 0.7465776205062866, 0.8186978101730347, 0.8323873281478882, 0.8380634188652039, 0.844407320022583, 0.8487479090690613, 0.859098494052887, 0.8641068339347839, 0.8677796125411987, 0.8918197154998779, 0.8881469368934631, 0.8631051778793335, 0.8978297114372253, 0.8938230276107788, 0.885141909122467, 0.8978297114372253, 0.8858096599578857, 0.9078463912010193, 0.8811352252960205, 0.9191986918449402, 0.903171956539154, 0.9085142016410828, 0.8891485929489136, 0.9105175137519836], "val_loss": [1.749600887298584, 1.1957449913024902, 1.021918535232544, 0.8388481140136719, 0.7940095663070679, 0.6973018050193787, 0.7618719339370728, 0.5543487071990967, 0.540031909942627, 0.5146645903587341, 0.5077926516532898, 0.48263582587242126, 0.45583903789520264, 0.4724213182926178, 0.4299105703830719, 0.379502534866333, 0.4147198498249054, 0.47625526785850525, 0.38491877913475037, 0.427091509103775, 0.4319378733634949, 0.43369826674461365, 0.41253355145454407, 0.34447410702705383, 0.49216386675834656, 0.35721495747566223, 0.4126949906349182, 0.3682538568973541, 0.443099707365036, 0.33775007724761963]}